Label,# Samples,Average,Min,Max,Std. Dev.,Error %,Throughput,Received KB/sec,Sent KB/sec,Avg. Bytes
Login,50000,1622,5,2775,178.03,0.000%,1188.63663,525.50,263.50,452.7
TOTAL,50000,1622,5,2775,178.03,0.000%,1188.63663,525.50,263.50,452.7
