Label,# Samples,Average,Min,Max,Std. Dev.,Error %,Throughput,Received KB/sec,Sent KB/sec,Avg. Bytes
Login,50000,981,3,2618,573.15,0.000%,3584.48634,1584.72,794.60,452.7
TOTAL,50000,981,3,2618,573.15,0.000%,3584.48634,1584.72,794.60,452.7
