Label,# Samples,Average,Min,Max,Std. Dev.,Error %,Throughput,Received KB/sec,Sent KB/sec,Avg. Bytes
Login,50000,1238,2,4868,987.47,25.798%,2444.86822,2355.54,402.16,986.6
TOTAL,50000,1238,2,4868,987.47,25.798%,2444.86822,2355.54,402.16,986.6
