Label,# Samples,Average,Min,Max,Std. Dev.,Error %,Throughput,Received KB/sec,Sent KB/sec,Avg. Bytes
Login,50000,11125,3,63093,4989.80,17.126%,688.39233,573.32,126.47,852.8
TOTAL,50000,11125,3,63093,4989.80,17.126%,688.39233,573.32,126.47,852.8
